Dataset_Type,Dataset_Category,Checkpoint_Percentage,Method,N_Datasets,N_Experiments,ARI_Mean,ARI_Std,ARI_Best,NMI_Mean,NMI_Std,NMI_Best,Silhouette_Score_Mean,Silhouette_Score_Std,Silhouette_Score_Best,F-score_Mean,F-score_Std,F-score_Best,Log_Precision_Mean,Log_Precision_Std,Log_Precision_Best,Log_Fitness_Mean,Log_Fitness_Std,Log_Fitness_Best
Real-life,BPIC2012,20,DupliMend,1,5,,,,,,,0.8346723607882747,0.07847923138822793,0.9260146657621398,0.5125698356951077,0.0057463273052667,0.5228491784755395,0.4981998759848834,0.0113990592744057,0.51859113311858,0.5279132839323928,0.0004111890552102,0.5280971732682036
Real-life,BPIC2012,40,DupliMend,1,5,,,,,,,0.844339379436763,0.06875664116805573,0.9583684942670451,0.5426638518027256,0.0224551267243099,0.5592461593653325,0.5344813042171628,0.0566777928611318,0.5985092469371803,0.5579669782762594,0.0511828938225173,0.6432894951620917
Real-life,BPIC2012,60,DupliMend,1,5,,,,,,,0.861980514530579,0.07697494707820945,0.951004597708417,0.6087055412938707,0.0351932161588985,0.6503824112015812,0.5693823609350472,0.0438431775456399,0.6293520451196808,0.6568638424065871,0.0525856266543147,0.7301709827101855
Real-life,BPIC2012,80,DupliMend,1,5,,,,,,,0.8545556014913692,0.07474136752138244,0.9709770194061061,0.6295498135649569,0.0166151555164197,0.6536443414301982,0.6361779819314994,0.0714337298284196,0.7302350385081487,0.6348063519411561,0.0706310015088043,0.7365253724097334
Real-life,BPIC2012,100,DupliMend,1,5,,,,,,,0.8432983312158433,0.05989499894055426,0.937777194012956,0.4546915331545715,0.0087095938916217,0.4635733753062246,0.4213521288904796,0.0445161340199698,0.473449412282552,0.5026877655005505,0.0497937461733723,0.5679733459934789
Real-life,BPIC2013_Closed_Problems,20,DupliMend,1,5,,,,,,,0.8689482315777903,0.07609371175115584,0.9095675396750642,0.5972792486445296,0.0032247225179239,0.6005917965306216,0.6049645684259457,0.0025335616856866,0.6090986148379454,0.5864040003222758,0.0048713127084419,0.591992086092158
Real-life,BPIC2013_Closed_Problems,40,DupliMend,1,5,,,,,,,0.8311595088521633,0.034424625102595974,0.9570595829778396,0.6278468111430986,0.0043910541664739,0.6344609797323928,0.6097371183097458,0.0064080930151672,0.6166440602827631,0.6456313779922019,0.0050512117165348,0.6504900717108051
Real-life,BPIC2013_Closed_Problems,60,DupliMend,1,5,,,,,,,0.8433715718828174,0.03979914312095726,0.9608628038893517,0.6815712666548421,0.0094158886430713,0.6928171906466757,0.76462143359403,0.0027879816920507,0.7677817741115625,0.618767572286215,0.0031641676510927,0.6232078316184331
Real-life,BPIC2013_Closed_Problems,80,DupliMend,1,5,,,,,,,0.8493089474634953,0.0322613644455269,0.9449021758055597,0.775985470929457,0.0053155676549437,0.7818563154849572,0.7939352165492931,0.0058939538495683,0.8013325350289524,0.7764943747066748,0.0040601784294367,0.7824030175964328
Real-life,BPIC2013_Closed_Problems,100,DupliMend,1,5,,,,,,,0.8564855987373629,0.046266516538163216,0.9616773743963649,0.8299999999999998,0.0066180400335045,0.8381225052002895,0.8700000000000001,0.0052306315950948,0.8745730558361824,0.8,0.0037565651575564,0.8044727272644335
Real-life,BPIC2013_Incidents,20,DupliMend,1,5,,,,,,,0.8828140769114411,0.0494338644844741,0.9395036477091513,0.51,0.0,0.51,0.51,0.0,0.51,0.51,0.0,0.51
Real-life,BPIC2013_Incidents,40,DupliMend,1,5,,,,,,,0.8359739025726688,0.043567451588694794,0.9418186263505596,0.5357716722799128,0.0185048336547004,0.5576152803965339,0.5149395956359466,0.0094598703295539,0.5317020513894005,0.559771735173315,0.0409743313271967,0.6150371777988584
Real-life,BPIC2013_Incidents,60,DupliMend,1,5,,,,,,,0.8611387550730889,0.07143687545759647,0.934203281468684,0.5824716120012403,0.0157119373085394,0.602452767104406,0.6467839046812122,0.0776388609761872,0.7358470779282444,0.5368526276620876,0.0421262650022128,0.6062048534507394
Real-life,BPIC2013_Incidents,80,DupliMend,1,5,,,,,,,0.8673931655089634,0.047837666334679466,0.9020335301395276,0.6665935475476333,0.0251604859908734,0.7013206165798993,0.671299153494828,0.087766890804132,0.825819119419427,0.6729003287697806,0.0611823279640111,0.7519643452779524
Real-life,BPIC2013_Incidents,100,DupliMend,1,5,,,,,,,0.8237160330175998,0.04404672548436904,0.9086313141594644,0.6986766841253639,0.0240514105220503,0.7391057611397559,0.7246412223658716,0.0733959765589323,0.8129126012751785,0.6815163967249156,0.0508704242748603,0.7425834179898645
Real-life,BPIC2013_Open_Problems,20,DupliMend,1,5,,,,,,,0.868603588152115,0.057134804157912424,0.9025143348549388,0.246204562981027,0.0155840682267295,0.2629419094703802,0.3329588946032149,0.0065301610275024,0.3390641239372771,0.375463521299707,0.0055964432454206,0.3809745546249367
Real-life,BPIC2013_Open_Problems,40,DupliMend,1,5,,,,,,,0.8336419298949833,0.03704621124873813,0.9509128329011024,0.2754267186895049,0.012533164541302,0.2897200539220149,0.3313918626037527,0.007326818343808,0.3394570228824765,0.3800399873105679,0.0103213725753827,0.3899345024540332
Real-life,BPIC2013_Open_Problems,60,DupliMend,1,5,,,,,,,0.8252041274388223,0.07010984903770198,0.9251484784861062,0.2501419730123853,0.0037111291207925,0.2560731378239468,0.3283611563733725,0.005080597604479,0.3362992559139665,0.382962709225482,0.0041459799208882,0.3896742818099273
Real-life,BPIC2013_Open_Problems,80,DupliMend,1,5,,,,,,,0.8959108429802667,0.03372753218398854,0.9406856552931763,0.3295236629927004,0.0139904231427952,0.346878149557643,0.3305122728503629,0.0041907369019295,0.3371746095939362,0.379654787723564,0.0057375316196597,0.3876740514807377
Real-life,BPIC2013_Open_Problems,100,DupliMend,1,5,,,,,,,0.8972505626459648,0.07934434683002586,0.9726053179140874,0.3600089211738767,0.0049267356569594,0.365630214138674,0.3273529184737974,0.0054025890597191,0.3350331745372348,0.3829647028566019,0.00702234281679,0.390925238620423
Real-life,BPIC2017,20,DupliMend,1,5,,,,,,,0.8216467595436642,0.06312611421769909,0.9690482740700475,0.7556328425153713,0.0085826507227401,0.7694275163477483,0.6303151134227285,0.0109510452382729,0.6423103880243556,0.9475588368195804,0.0111006004106607,0.9596843456042023
Real-life,BPIC2017,40,DupliMend,1,5,,,,,,,0.8975927881729595,0.04558555380447055,0.9498638501462047,0.8012462373827496,0.0080592770716139,0.8111533869113894,0.693054911862742,0.0181171620770846,0.716498200997597,0.933524704131514,0.0120835827287274,0.9497785386439768
Real-life,BPIC2017,60,DupliMend,1,5,,,,,,,0.8865954112640337,0.05600340105889054,0.926471841988212,0.8288970481540424,0.0067996273862781,0.8372704786878232,0.6837835291799939,0.0131946030061826,0.6985110265240312,1.0,0.0,1.0
Real-life,BPIC2017,80,DupliMend,1,5,,,,,,,0.8369871288542621,0.05733551396716398,0.9050846680228819,0.9597293445872076,0.0082059611686607,0.9697608679412906,0.8320598903838171,0.0127111687717103,0.8472382891697013,1.0,0.0,1.0
Real-life,BPIC2017,100,DupliMend,1,5,,,,,,,0.834545997376568,0.03924272277627635,0.924878585737253,0.65,0.0045599039287559,0.6540258765013652,0.52,0.0092624474885586,0.5316498762420486,0.9000000000000001,0.0089969407843292,0.9107275838605084
Real-life,Environmental_Permits,20,DupliMend,1,5,,,,,,,0.1242444497276656,0.1740200201271983,0.290892688389087,0.213572037128767,0.0079054241083564,0.2200322808416846,0.126625287686899,0.0056066107941198,0.1313379251046438,0.6826499329301198,0.0056277176374725,0.6896086589398202
Real-life,Environmental_Permits,40,DupliMend,1,5,,,,,,,0.0675644514542482,0.2626685860237718,0.2830560393769619,0.2243977709547365,0.0155076233405168,0.250643231050502,0.1347252776481752,0.0110961996311067,0.1535515201624551,0.6735637230903092,0.0068949575539204,0.681664526783009
Real-life,Environmental_Permits,60,DupliMend,1,5,,,,,,,0.2368775762557241,0.0596955309394635,0.3274806742087699,0.2223058028748917,0.0238065965027917,0.2524587144170931,0.1341160888406281,0.0172635325456259,0.1566400399416178,0.656332601654641,0.0064359406804219,0.6662535578318584
Real-life,Environmental_Permits,80,DupliMend,1,5,,,,,,,0.2162156528357621,0.2539632143941281,0.3841110875185503,0.2127165013470239,0.0117491509390261,0.2295433851660295,0.1269794496269165,0.0083223467651132,0.1389546429113765,0.6567172379571813,0.005054297855396,0.6632504542144245
Real-life,Environmental_Permits,100,DupliMend,1,5,,,,,,,0.2590885561022652,0.1538940537143862,0.3734181841679992,0.2178040927598751,0.0100216976115307,0.2319083169209842,0.1301108263773055,0.0073746909516538,0.1405616829541076,0.6700000000000002,0.0062561707679302,0.6769270786791584
Real-life,Road_Traffic_Fines,20,DupliMend,1,5,,,,,,,0.8324795616268962,0.03610191174223894,0.9583205734432789,0.5705106097070971,0.0077709688429214,0.582746072112307,0.4634347798583796,0.0065495365872189,0.4684857246897017,0.7129637016949835,0.0071766656042815,0.7219636336885293
Real-life,Road_Traffic_Fines,40,DupliMend,1,5,,,,,,,0.8246466889734559,0.05475884550556351,0.9617016277348757,0.5957377502469716,0.0055302551106464,0.6024091101035074,0.4877504281171182,0.0091623088867141,0.4982528450023584,0.7493795372871876,0.0089567533489703,0.7563881596631253
Real-life,Road_Traffic_Fines,60,DupliMend,1,5,,,,,,,0.8892940916619948,0.03171942605576092,0.9059235721387272,0.6773446539316729,0.013720924713589,0.6929819112701191,0.5526547023584235,0.0090086160660954,0.5615668493890901,0.8574514219717138,0.0086191545138996,0.8640011947972879
Real-life,Road_Traffic_Fines,80,DupliMend,1,5,,,,,,,0.8680892009394567,0.0754660201039391,0.9286772582835419,0.7702045545531963,0.0142507652939036,0.7861486993443845,0.626509416265199,0.0089511669795553,0.6373389271249755,0.9696610486540712,0.0116562864324949,0.9810028332236624
Real-life,Road_Traffic_Fines,100,DupliMend,1,5,,,,,,,0.8766458062236836,0.042938999080000845,0.9092695247620104,0.8,0.0114456011987315,0.8129625584446399,0.6599999999999999,0.0099130226993663,0.672836997759077,0.9932240540751204,0.0084297922097733,1.0
Synthetic,DocReview,20,DupliMend,647,3235,0.5497367878986185,0.3823986971330145,0.998863807816782,0.7104465662751871,0.2007040858707523,0.9591108031614102,0.4200361557735619,0.3104032406048482,0.9999616718150608,0.69230238590411,0.0497920734171515,0.8642110947947058,0.7693058486339659,0.0539000672420472,0.9023970241840968,0.7103256584970606,0.0524206770831332,0.936670444008072
Synthetic,DocReview,40,DupliMend,647,3235,0.5470956250327162,0.3797610429459674,0.9999043221742754,0.7105902521052806,0.1993880549326833,0.9585919701026636,0.41638624045287,0.3136129402064747,0.999439167417184,0.6919342933200453,0.0500120989388011,0.8438210100503616,0.7690816883221765,0.0541438957508179,0.909669542542348,0.710481155708409,0.0525689916702979,0.9408263166801694
Synthetic,DocReview,60,DupliMend,647,3235,0.5432632053608645,0.3862710827314082,0.9993508493005904,0.7093350448184997,0.1995524528384998,0.957893068745303,0.4182144584171226,0.3087643231794317,0.999857451702066,0.692157108813142,0.0500070024922695,0.8625616095329082,0.7692333601402292,0.0531985847542657,0.9049614574191496,0.7096810194878473,0.0516828248354264,0.9524378727203544
Synthetic,DocReview,80,DupliMend,647,3235,0.5496146379887891,0.3840252874516464,0.9995486756329994,0.7095004371058924,0.2003041614685727,0.9562231910436744,0.4145641492338219,0.3204426592218045,0.9997728285169648,0.6922151978530997,0.0493784053808673,0.8575026300925304,0.7699838726364763,0.0541011558272141,0.9087555393329764,0.7097460108273367,0.0519734123549726,0.9235555023462442
Synthetic,DocReview,100,DupliMend,647,3235,0.5408354860364557,0.3885797754922988,0.9997286075438204,0.711458588814153,0.1997035306239047,0.9583113209513828,0.4038377373286971,0.3336413189727462,0.9992367553281742,0.6919457546648281,0.0495793595187646,0.8569725113215005,0.7691073528483313,0.0541021001106024,0.9020216973463204,0.7101071964105491,0.0521743742531032,0.9284608373016614
Synthetic,DuplicatedTasks,20,DupliMend,648,3240,0.5246382885639291,0.3998810124239477,0.9995499984213808,0.7007838705797161,0.206495530513517,0.959312488842373,0.4062231173489493,0.3191779643627979,0.9997345172200256,0.6856722693404851,0.0492260118065238,0.8602082895832205,0.7638409983571134,0.0515200571744892,0.9101992355532832,0.7051058009478192,0.0536006843775479,0.9312973528341474
Synthetic,DuplicatedTasks,40,DupliMend,648,3240,0.5354052895807543,0.3897730277067969,0.9999766744761192,0.7004998218152129,0.2063325764039603,0.9593247945129096,0.4058086314078917,0.3158034819411032,0.9993866046563764,0.6857863172092385,0.0493413744931818,0.8689187034612369,0.7639957495531636,0.0513035530620363,0.9072658726246366,0.7050685036901275,0.0536449552941577,0.9416830635964556
Synthetic,DuplicatedTasks,60,DupliMend,648,3240,0.5331984135897327,0.3889110587217856,0.9993716993066608,0.7008862761940972,0.2060751666331291,0.9581881995837336,0.4030254086134548,0.3290325890009486,0.9995497017659646,0.6860733391980288,0.0495969140196663,0.8617043812611269,0.7640309527552704,0.0512649903794267,0.9027600831637672,0.7048955089562348,0.0529333811096857,0.9214841106862328
Synthetic,DuplicatedTasks,80,DupliMend,648,3240,0.5413159616740997,0.3851201107366752,0.999779903953911,0.7002934835071293,0.2068561438902993,0.9592135621134928,0.3992293597842394,0.3205638839860602,0.9987057502180232,0.6860183356650629,0.049654438589452,0.8675519647980892,0.7638946964369754,0.051710868463596,0.90870844006951,0.7051883985970677,0.0531563040643008,0.938918163793272
Synthetic,DuplicatedTasks,100,DupliMend,648,3240,0.5506348394015038,0.3704585294228423,0.9995045377061784,0.6992289472913459,0.205772234063119,0.9593749732717154,0.4031532999357474,0.3223235645112414,0.9999519343953728,0.6857803693211157,0.0494843111142401,0.8614941005782737,0.7642594757360343,0.0513011326654909,0.9068100272911764,0.7051845414106778,0.0535991821952785,0.949446048916474
Synthetic,I-PALIA,20,DupliMend,2,10,0.3433936480918674,0.0770264297877576,0.4721678287562597,0.7245147282343569,0.0998418648277195,0.8926076286721181,0.572257232039014,0.2303935985350842,0.973249587451374,0.6399370418289486,0.011388559553973,0.6679847532290926,0.6419703677317337,0.023325154922913,0.7080664357974514,0.6384605449177995,0.0123177964033172,0.6729682076581102
Synthetic,I-PALIA,40,DupliMend,2,10,0.4392561914223281,0.0183632389455109,0.4630368465778331,0.7574567773700455,0.1036843395959148,1.0,0.5239619485428213,0.0896338792963704,0.6836468026176047,0.6724995021811717,0.0235467882280714,0.7138549387407269,0.6958575830393668,0.0673754938453235,0.8125004230372135,0.6551036479130701,0.0259648786489705,0.6995313757461358
Synthetic,I-PALIA,60,DupliMend,2,10,0.4976717309611246,0.0173669811074244,0.5218753289878333,0.78569618096528,0.1355961811689886,1.0,0.4256178305191348,0.2875354809246137,0.5912664928330316,0.7389926491124685,0.0217612774935867,0.7689983013794449,0.777671776802968,0.0755825785664971,0.8693124661873046,0.7128128777896944,0.057728020918495,0.816127430972365
Synthetic,I-PALIA,80,DupliMend,2,10,0.5383158404421976,0.0217139082981357,0.5655690000878758,0.8334198416467412,0.0977465808720516,0.9563942975000111,0.291822659854997,0.5426406181295071,0.7011013925913607,0.799637596886927,0.0373824978227223,0.8574981489347644,0.8176560399920045,0.0831366647253565,0.9196034643436112,0.7884724223294204,0.0393730000189995,0.8206686732287453
Synthetic,I-PALIA,100,DupliMend,2,10,0.9456935799302036,0.043766355589497,1.0,0.9932152492433446,0.0074148484612856,1.0,0.7141171693352779,0.6149015551447026,1.0,0.9969190356149426,0.0043933460416089,1.0,0.9972885233621888,0.0057828929196893,1.0,0.9965738150085812,0.0056096268458524,1.0
